{
  "metadata": {
    "fecha_analisis": "2026-01-16",
    "num_registros": 1081,
    "periodo_temporal": [
      "19-20",
      "20-21",
      "21-22",
      "22-23"
    ]
  },
  "estadisticas_globales": {
    "abandono_medio": 0.09568344419121502,
    "rendimiento_medio": 0.880743744122325,
    "correlacion_abandono_rendimiento": -0.44092345481896333
  },
  "analisis_por_rama": {
    "Ciències de la salut": {
      "abandono_medio": 0.0749284211527672,
      "abandono_std": 0.09051358018483287,
      "abandono_min": 0.0,
      "abandono_max": 1.0,
      "rendimiento_medio": 0.9076961576517852,
      "rendimiento_std": 0.06887686023092611,
      "rendimiento_min": 0.609217125826852,
      "rendimiento_max": 1.0,
      "tendencia_abandono": "decreciente",
      "tendencia_rendimiento": "estable",
      "años_anomalos": []
    },
    "Ciències socials i jurídiques": {
      "abandono_medio": 0.09241675392077758,
      "abandono_std": 0.06708356015981852,
      "abandono_min": 0.0,
      "abandono_max": 0.5400560224089637,
      "rendimiento_medio": 0.8973144415805686,
      "rendimiento_std": 0.06511152376338764,
      "rendimiento_min": 0.5933591924731326,
      "rendimiento_max": 1.0,
      "tendencia_abandono": "estable",
      "tendencia_rendimiento": "estable",
      "años_anomalos": []
    },
    "Arts i humanitats": {
      "abandono_medio": 0.13856621323254145,
      "abandono_std": 0.12333012462509824,
      "abandono_min": 0.0,
      "abandono_max": 1.0,
      "rendimiento_medio": 0.8505415110589107,
      "rendimiento_std": 0.10238036683343346,
      "rendimiento_min": 0.375,
      "rendimiento_max": 1.0,
      "tendencia_abandono": "estable",
      "tendencia_rendimiento": "decreciente",
      "años_anomalos": []
    },
    "Enginyeria i arquitectura": {
      "abandono_medio": 0.09729782233953596,
      "abandono_std": 0.06925617915682078,
      "abandono_min": 0.0,
      "abandono_max": 0.4128205128205128,
      "rendimiento_medio": 0.843617757094976,
      "rendimiento_std": 0.08120441764982778,
      "rendimiento_min": 0.6436990334591747,
      "rendimiento_max": 1.0,
      "tendencia_abandono": "estable",
      "tendencia_rendimiento": "estable",
      "años_anomalos": []
    },
    "Ciències": {
      "abandono_medio": 0.07155608322047925,
      "abandono_std": 0.07031153722323955,
      "abandono_min": 0.0,
      "abandono_max": 0.5,
      "rendimiento_medio": 0.8961165776870353,
      "rendimiento_std": 0.0826545805802279,
      "rendimiento_min": 0.511111111111111,
      "rendimiento_max": 1.0,
      "tendencia_abandono": "estable",
      "tendencia_rendimiento": "estable",
      "años_anomalos": []
    }
  },
  "ranking_ramas": {
    "mejor_rendimiento": [
      "Ciències de la salut"
    ],
    "peor_rendimiento": [
      "Enginyeria i arquitectura"
    ],
    "mayor_abandono": [
      "Arts i humanitats"
    ],
    "menor_abandono": [
      "Ciències"
    ]
  }
}